notes,geometry,
subarea_polygon,"POLYGON ((-88.007681 41.732138,-87.974364 41.741895,-87.954771 41.727062,-87.976347 41.705564,-88.013948 41.694221,-88.007046 41.732456,-88.007681 41.732138,))"
