notes,geometry,
subarea_polygon,"POLYGON ((-87.950646 41.740309,-87.949377 41.737929,-87.948583 41.737453,-87.947790 41.716511,-87.955723 41.705644,-87.971984 41.701598,-87.974285 41.699298,-87.984676 41.699536,-87.993878 41.699139,-87.994671 41.714607,-88.008157 41.709293,-88.009109 41.713180,-88.011171 41.717225,-88.009029 41.722540,-88.010219 41.724920,-88.012202 41.728251,-88.003159 41.727458,-88.001493 41.728965,-87.997527 41.729997,-87.995703 41.729124,-87.993323 41.730076,-87.989436 41.729362,-87.988722 41.735787,-87.983804 41.737057,-87.981345 41.736263,-87.976903 41.736977,-87.974047 41.738246,-87.972381 41.739198,-87.970398 41.741499,-87.967859 41.741737,-87.967542 41.740388,-87.965718 41.739436,-87.965559 41.737215,-87.963179 41.738722,-87.962227 41.739278,-87.961593 41.738088,-87.959848 41.738405,-87.958420 41.738960,-87.957071 41.739992,-87.955088 41.740944,-87.952708 41.740864,-87.950725 41.740706,-87.950646 41.740309,))"
